fullname,password,email
aziz,forsaargentine123,aziz@gmail.com
mariem,noone123,mariem@gmail.com
aisha,argentinemessi123,aisha@gmail.com
hsan,1234,hsan@gmail.com
samir,123456789,samir@gmail.com
opus,123456789,opus@gmail.com
hello,1234567898,hello@gmail.com
user,12345678,user@gmail.com
mohsen,123456789,mohsen1@gmail.com
